{
    "mws98":{	
        "ip":"10.184.50.215",	
        "path":"C:\\cclog\\",	
        "extension":".xml","finalextension":".xls",	
        "toPath":"C:\\xml\\",
        "user":".\\erodriguez",
        "password":"Mampfre123"
    },
    "mws82":{	
        "ips":["10.184.50.66","10.184.50.67"],
        "users":["erirodri","erirodri"],
        "paswords":["M4pfr3123.","M4pfr3123."],
        "path":"C:\\cclogs\\",
        "extension":".log",
        "toPath":["stats IS66","stats IS67"],	
        "commands":[" %f in (*.log) do type \"%f\" >> "],
        "archives":{
            "IS":{		
                "heads":["Node Alias","Display Name","Value","Max Value","Free","Time"],
                "alias":["IS_N1","IS_N2"],
                "display":["JVM Memory","JVM Threads"]
            },
            "MWS":{
                "heads":["Node Alias","Display Name","Valor","Commit","Max Value","Time"],
                "alias":["MWS_N1","MWS_N2"],
                "memory":{
                    "heads":["Time","Used","Committed","Max"],
                    "static":["Healp Memory Usage (Kb)","2.38Gb"]
                },
                "cpu":{
                    "heads":["Time","CPU Usage"],
                    "static":["CPU Usage(%)","80%"]
                },
                "threads":{
                    "heads":["Time","Live threads","Peak"],
                    "static":["Threads (Unidad)"]
                }
            },
            "onRegex":"dd/MM/yyyy hh:mm:ss",
            "toRegex":"dd/MM/yyyy hh:mm",
            "filter":".*(:00:0).*",
            "filterstat":".*(:00).*"
        }
    },
    "createDir":{	
        "inDir":"C:\\Users\\6_Delta\\Documents\\AdministradorMapfre\\Entregable Mensual\\Monitoreo de Servicios\\",
        "extras":["wM82","wM98"]
    }
}